User_id,Salary,City,Specialization,Grade
819942,658648,Нижний Новгород,Поддержка,Senior
669156,577622,Санкт-Петербург,Маркетинг,Senior
822644,109060,Уфа,Поддержка,Middle
729779,384878,Краснодар,Аналитика,Senior
668903,447787,Самара,Поддержка,Senior
950349,99999,Москва,Тестирование,Junior
242362,281690,Нижний Новгород,Тестирование,Middle
197075,57063,Петропавловск-Камчатский,Маркетинг,Intern
690094,781185,Волгоград,Маркетинг,Senior
396203,2000000,Москва,Поддержка,Teamlead
469990,371712,Москва,Поддержка,Middle
127001,372722,Волгоград,Маркетинг,Teamlead
680975,35786,Владивосток,Тестирование,Intern
131197,531431,Волгоград,Разработка,Teamlead
967078,964173,Иркутск,Маркетинг,Teamlead
943034,630846,Иркутск,Поддержка,Senior
620560,99978,Петропавловск-Камчатский,Разработка,Junior
470242,43963,Краснодар,Маркетинг,Intern
288003,170133,Краснодар,Аналитика,Middle
249144,199309,Мурманск,Тестирование,Teamlead
532508,226157,Екатеринбург,Аналитика,Middle
994797,74407,Иркутск,Тестирование,Junior
699071,24058,Уфа,Аналитика,Intern
420413,547389,Екатеринбург,Аналитика,Teamlead
787160,970511,Санкт-Петербург,Поддержка,Teamlead
609199,16368,Нижний Новгород,Аналитика,Intern
173159,149477,Петропавловск-Камчатский,Разработка,Middle
239793,977446,Иркутск,Тестирование,Teamlead
801064,134236,Нижний Новгород,Маркетинг,Middle
546738,797503,Нижний Новгород,Поддержка,Teamlead
548560,860356,Самара,Разработка,Teamlead
181304,491761,Таганрог,Тестирование,Middle
422704,276001,Мурманск,Аналитика,Middle
266073,652137,Волгоград,Аналитика,Senior
494408,1066031,Волгоград,Маркетинг,Teamlead
739852,87833,Москва,Аналитика,Junior
428043,175764,Самара,Аналитика,Middle
994079,8174,Волгоград,Аналитика,Intern
364577,602598,Волгоград,Разработка,Senior
965255,473987,Петропавловск-Камчатский,Тестирование,Senior
308220,420067,Таганрог,Поддержка,Senior
809678,77214,Самара,Тестирование,Junior
125957,44444,Москва,Тестирование,Intern
820233,388000,Петропавловск-Камчатский,Аналитика,Teamlead
307599,16991,Самара,Маркетинг,Intern
603648,875755,Мурманск,Аналитика,Teamlead
784019,74617,Великий Новгород,Разработка,Junior
609460,865840,Мурманск,Тестирование,Teamlead
277709,14240,Владивосток,Маркетинг,Intern
284048,144924,Санкт-Петербург,Тестирование,Middle
641168,77577,Волгоград,Разработка,Junior
589309,676582,Великий Новгород,Тестирование,Teamlead
192463,91201,Мурманск,Маркетинг,Junior
575644,989318,Самара,Разработка,Teamlead
865803,220832,Санкт-Петербург,Тестирование,Middle
549257,3680,Таганрог,Маркетинг,Intern
259694,273553,Уфа,Разработка,Senior
741844,410696,Самара,Тестирование,Teamlead
149421,96578,Иркутск,Тестирование,Junior
438989,166668,Петропавловск-Камчатский,Аналитика,Middle
175548,529225,Петропавловск-Камчатский,Тестирование,Senior
787006,597240,Владивосток,Поддержка,Teamlead
786698,226157,Мурманск,Поддержка,Middle
644350,790544,Уфа,Тестирование,Senior
841674,368657,Екатеринбург,Маркетинг,Teamlead
129371,676063,Санкт-Петербург,Аналитика,Senior
747091,307968,Мурманск,Тестирование,Senior
694476,51329,Нижний Новгород,Аналитика,Junior
701414,417626,Волгоград,Маркетинг,Senior
459308,84018,Петропавловск-Камчатский,Аналитика,Junior
571740,788481,Владивосток,Тестирование,Teamlead
975992,662188,Мурманск,Тестирование,Teamlead
661006,41509,Волгоград,Маркетинг,Intern
223735,242297,Москва,Разработка,Middle
325808,10753,Санкт-Петербург,Аналитика,Intern
342638,30372,Екатеринбург,Маркетинг,Intern
864343,94569,Таганрог,Аналитика,Junior
285682,271888,Владивосток,Разработка,Senior
381238,819184,Волгоград,Аналитика,Teamlead
483836,325905,Иркутск,Маркетинг,Teamlead
348487,79443,Москва,Разработка,Junior
646770,4915,Мурманск,Аналитика,Intern
330826,101970,Таганрог,Поддержка,Teamlead
169383,222222,Москва,Тестирование,Middle
796983,54233,Петропавловск-Камчатский,Поддержка,Junior
250761,815102,Мурманск,Разработка,Teamlead
809931,2222222,Москва,Тестирование,Teamlead
819859,203775,Мурманск,Поддержка,Senior
945890,361721,Петропавловск-Камчатский,Поддержка,Teamlead
693628,54528,Владивосток,Аналитика,Junior
371219,227720,Нижний Новгород,Разработка,Middle
319583,70810,Уфа,Тестирование,Junior
746419,144924,Волгоград,Поддержка,Middle
317717,80109,Краснодар,Аналитика,Junior
619039,8169,Мурманск,Маркетинг,Intern
118611,285552,Москва,Разработка,Middle
878067,97359,Екатеринбург,Разработка,Junior
958801,69289,Волгоград,Тестирование,Junior
446433,32827,Волгоград,Маркетинг,Intern
923802,563403,Мурманск,Тестирование,Senior
216861,950626,Таганрог,Маркетинг,Teamlead
714200,97747,Уфа,Маркетинг,Junior
492946,782243,Владивосток,Разработка,Senior
551306,504438,Иркутск,Тестирование,Senior
606526,23008,Санкт-Петербург,Разработка,Intern
220533,539422,Иркутск,Маркетинг,Senior
397429,89143,Самара,Поддержка,Junior
265349,36551,Москва,Разработка,Intern
216230,23419,Москва,Разработка,Intern
657525,75948,Петропавловск-Камчатский,Поддержка,Junior
841551,299437,Мурманск,Разработка,Teamlead
896010,79502,Уфа,Тестирование,Junior
738271,37100,Уфа,Тестирование,Intern
120278,7787,Таганрог,Маркетинг,Intern
473384,708501,Иркутск,Тестирование,Teamlead
424162,542399,Петропавловск-Камчатский,Аналитика,Senior
231413,1200000,Владивосток,Разработка,Teamlead
237891,196954,Екатеринбург,Разработка,Middle
726158,30846,Самара,Тестирование,Intern
973821,144742,Волгоград,Маркетинг,Middle
809932,2222222,Москва,Тестирование,Teamlead
613307,520538,Мурманск,Маркетинг,Senior
463958,4477,Таганрог,Разработка,Intern
737662,87058,Иркутск,Тестирование,Junior
590981,65315,Москва,Поддержка,Junior
836407,60690,Петропавловск-Камчатский,Поддержка,Junior
169490,555088,Краснодар,Аналитика,Senior
370981,234942,Екатеринбург,Маркетинг,Teamlead
245235,612288,Москва,Маркетинг,Senior
877284,501100,Иркутск,Разработка,Senior
633278,56965,Петропавловск-Камчатский,Аналитика,Junior
396665,180119,Таганрог,Разработка,Middle
327834,18264,Москва,Маркетинг,Intern
324376,99584,Таганрог,Тестирование,Middle
574888,757194,Санкт-Петербург,Маркетинг,Teamlead
835814,60291,Самара,Поддержка,Junior
600773,23151,Владивосток,Аналитика,Intern
512810,26678,Петропавловск-Камчатский,Аналитика,Intern
934080,442553,Москва,Маркетинг,Senior
145095,440920,Краснодар,Разработка,Senior
793087,276001,Санкт-Петербург,Маркетинг,Middle
655215,334014,Петропавловск-Камчатский,Тестирование,Senior
593303,8371,Екатеринбург,Разработка,Intern
697380,71730,Екатеринбург,Поддержка,Junior
628896,79312,Екатеринбург,Поддержка,Junior
229187,7253,Иркутск,Маркетинг,Intern
974431,175764,Нижний Новгород,Тестирование,Middle
739682,9044,Екатеринбург,Разработка,Intern
892176,355721,Москва,Маркетинг,Senior
503527,79274,Великий Новгород,Разработка,Junior
860227,144924,Москва,Разработка,Middle
223540,769776,Мурманск,Тестирование,Teamlead
663472,12660,Уфа,Маркетинг,Intern
834568,396784,Таганрог,Аналитика,Senior
528554,220832,Великий Новгород,Аналитика,Middle
582772,29219,Краснодар,Поддержка,Intern
321162,166668,Москва,Аналитика,Middle
518284,150639,Мурманск,Тестирование,Middle
263514,579715,Мурманск,Поддержка,Teamlead
208999,148552,Таганрог,Маркетинг,Middle
600690,164358,Уфа,Тестирование,Teamlead
868702,472347,Иркутск,Тестирование,Teamlead
812135,142924,Иркутск,Поддержка,Middle
675558,783300,Владивосток,Тестирование,Senior
943043,1046079,Нижний Новгород,Аналитика,Teamlead
295840,853085,Таганрог,Поддержка,Teamlead
708061,541959,Мурманск,Аналитика,Senior
317432,625401,Петропавловск-Камчатский,Аналитика,Senior
641880,501466,Мурманск,Разработка,Senior
854285,539420,Санкт-Петербург,Маркетинг,Teamlead
223245,326077,Мурманск,Маркетинг,Senior
610456,544231,Самара,Поддержка,Teamlead
329097,690635,Мурманск,Маркетинг,Teamlead
720665,82925,Краснодар,Аналитика,Junior
636358,369331,Владивосток,Разработка,Senior
357831,126125,Самара,Аналитика,Middle
813355,258903,Волгоград,Поддержка,Senior
415437,206975,Санкт-Петербург,Аналитика,Middle
563986,17049,Владивосток,Маркетинг,Intern
160423,273569,Нижний Новгород,Разработка,Middle
990711,35366,Иркутск,Аналитика,Intern
249031,8343,Мурманск,Разработка,Intern
444026,34005,Екатеринбург,Аналитика,Intern
731835,10624,Самара,Маркетинг,Intern
134630,10881,Мурманск,Маркетинг,Intern
351553,59469,Владивосток,Маркетинг,Junior
924532,66835,Санкт-Петербург,Разработка,Junior
702540,677890,Санкт-Петербург,Поддержка,Teamlead
362686,268436,Таганрог,Аналитика,Middle
178618,227720,Иркутск,Тестирование,Middle
757695,846228,Уфа,Маркетинг,Teamlead
556657,506459,Уфа,Аналитика,Senior
660777,796255,Мурманск,Маркетинг,Teamlead
454585,62910,Москва,Аналитика,Junior
430412,290653,Краснодар,Аналитика,Middle
669235,206311,Великий Новгород,Поддержка,Teamlead
859498,32395,Нижний Новгород,Разработка,Intern
268873,212121,Москва,Тестирование,Middle
644238,52586,Мурманск,Аналитика,Junior
576944,57153,Краснодар,Маркетинг,Junior
768872,223729,Екатеринбург,Поддержка,Senior
316025,82975,Иркутск,Разработка,Junior
135819,212557,Владивосток,Поддержка,Teamlead
789769,96144,Екатеринбург,Маркетинг,Middle
602144,393939,Санкт-Петербург,Тестирование,Senior
185285,474740,Санкт-Петербург,Аналитика,Teamlead
534165,42105,Краснодар,Маркетинг,Intern
190769,767676,Санкт-Петербург,Тестирование,Teamlead
526532,155339,Иркутск,Тестирование,Middle
372722,625475,Мурманск,Тестирование,Senior
531431,952593,Самара,Маркетинг,Teamlead
964173,159904,Самара,Разработка,Middle
199309,85382,Петропавловск-Камчатский,Маркетинг,Junior
547389,583844,Екатеринбург,Поддержка,Senior
970511,88566,Уфа,Аналитика,Junior
977446,583833,Самара,Разработка,Senior
797503,546224,Москва,Маркетинг,Senior
860356,77582,Москва,Маркетинг,Junior
966031,286242,Уфа,Тестирование,Middle
388000,9041,Мурманск,Разработка,Intern
875755,373018,Нижний Новгород,Тестирование,Senior
865840,536336,Самара,Поддержка,Senior
676582,879407,Иркутск,Разработка,Teamlead
989318,41439,Петропавловск-Камчатский,Маркетинг,Intern
410696,184949,Волгоград,Разработка,Teamlead
597240,831786,Великий Новгород,Маркетинг,Teamlead
368657,21073,Нижний Новгород,Маркетинг,Intern
788481,385072,Великий Новгород,Тестирование,Teamlead
662188,60937,Волгоград,Тестирование,Junior
819184,113356,Мурманск,Поддержка,Middle
325905,21740,Нижний Новгород,Поддержка,Intern
101970,2192,Таганрог,Маркетинг,Intern
815102,648655,Екатеринбург,Поддержка,Senior
699482,237246,Москва,Разработка,Middle
361721,594706,Уфа,Поддержка,Teamlead
950626,195953,Екатеринбург,Маркетинг,Middle
299437,269807,Таганрог,Тестирование,Senior
708501,452559,Великий Новгород,Аналитика,Senior
190769,767676,Санкт-Петербург,Тестирование,Teamlead
989672,345029,Екатеринбург,Поддержка,Senior
234942,65125,Волгоград,Тестирование,Junior
757194,20894,Москва,Разработка,Intern
769776,55555,Москва,Тестирование,Junior
579715,221695,Мурманск,Маркетинг,Middle
164358,218953,Волгоград,Разработка,Senior
472347,403757,Санкт-Петербург,Поддержка,Senior
946079,295054,Иркутск,Аналитика,Senior
853085,87462,Краснодар,Разработка,Junior
539420,107914,Екатеринбург,Поддержка,Junior
544231,93333,Санкт-Петербург,Тестирование,Junior
690635,25889,Уфа,Поддержка,Intern
677890,596509,Таганрог,Поддержка,Teamlead
846228,670545,Великий Новгород,Маркетинг,Teamlead
796255,35869,Екатеринбург,Аналитика,Intern
206311,252463,Краснодар,Аналитика,Teamlead
212557,905267,Москва,Поддержка,Teamlead
474740,943062,Таганрог,Маркетинг,Teamlead
119831,94300,Краснодар,Разработка,Junior
952593,209535,Екатеринбург,Поддержка,Teamlead
879407,465009,Нижний Новгород,Аналитика,Senior
184949,544547,Нижний Новгород,Тестирование,Teamlead
831786,420070,Мурманск,Тестирование,Senior
385072,58192,Иркутск,Маркетинг,Junior
594706,17085,Санкт-Петербург,Поддержка,Intern
760094,876955,Краснодар,Аналитика,Teamlead
596509,412710,Москва,Аналитика,Senior
670545,51120,Таганрог,Тестирование,Junior
252463,156823,Владивосток,Поддержка,Teamlead
105267,5449,Волгоград,Маркетинг,Intern
943062,242297,Москва,Разработка,Middle
209535,74158,Краснодар,Аналитика,Junior
544547,201309,Уфа,Разработка,Senior
876955,104678,Великий Новгород,Поддержка,Teamlead
156823,54605,Екатеринбург,Маркетинг,Junior
944678,273579,Самара,Тестирование,Senior
108543,108543,Екатеринбург,Маркетинг,Teamlead
287804,287804,Таганрог,Тестирование,Teamlead
341226,578888,Уфа,Поддержка,Senior
628538,92350,Краснодар,Поддержка,Junior
653193,52056,Волгоград,Маркетинг,Junior
866202,401192,Нижний Новгород,Разработка,Senior
756313,65359,Великий Новгород,Тестирование,Junior
488840,669711,Мурманск,Разработка,Senior
804373,207771,Владивосток,Тестирование,Senior
792017,252706,Екатеринбург,Аналитика,Middle
474147,172132,Владивосток,Маркетинг,Middle
816365,69828,Москва,Маркетинг,Junior
670184,112079,Таганрог,Маркетинг,Middle
945874,256387,Самара,Тестирование,Middle
202575,341226,Петропавловск-Камчатский,Тестирование,Teamlead
236122,117056,Таганрог,Тестирование,Middle
903666,628538,Таганрог,Маркетинг,Teamlead
799468,786722,Краснодар,Аналитика,Senior
836056,59262,Мурманск,Аналитика,Junior
858202,33388,Краснодар,Аналитика,Intern
304313,643706,Таганрог,Тестирование,Senior
491771,51445,Екатеринбург,Аналитика,Junior
896230,55154,Волгоград,Аналитика,Junior
524738,185188,Петропавловск-Камчатский,Разработка,Middle
200411,59209,Екатеринбург,Тестирование,Junior
998041,343682,Екатеринбург,Тестирование,Senior
393513,663759,Великий Новгород,Поддержка,Senior
481638,252112,Уфа,Маркетинг,Senior
409131,95272,Москва,Поддержка,Junior
828596,6120,Екатеринбург,Тестирование,Intern
816534,33945,Санкт-Петербург,Аналитика,Intern
582142,40656,Волгоград,Поддержка,Intern
966938,653193,Иркутск,Поддержка,Teamlead
531408,72352,Иркутск,Тестирование,Junior
290239,77232,Петропавловск-Камчатский,Разработка,Junior
536203,497126,Нижний Новгород,Тестирование,Middle
438997,866202,Таганрог,Поддержка,Teamlead
472438,486672,Иркутск,Аналитика,Senior
961615,756313,Владивосток,Поддержка,Teamlead
636735,34897,Екатеринбург,Тестирование,Intern
867344,644951,Петропавловск-Камчатский,Тестирование,Senior
580278,488840,Краснодар,Тестирование,Teamlead
235860,232739,Иркутск,Маркетинг,Senior
165685,688498,Владивосток,Разработка,Senior
805693,6744,Великий Новгород,Аналитика,Intern
804724,68461,Волгоград,Аналитика,Junior
149033,333333,Москва,Тестирование,Middle
723597,107723,Екатеринбург,Аналитика,Junior
245327,87428,Великий Новгород,Поддержка,Junior
816900,46199,Краснодар,Разработка,Intern
918612,804373,Таганрог,Маркетинг,Teamlead
261072,5762,Уфа,Маркетинг,Intern
852640,792017,Санкт-Петербург,Разработка,Teamlead
587432,208438,Мурманск,Маркетинг,Senior
743620,77134,Екатеринбург,Маркетинг,Junior
853200,44444,Москва,Тестирование,Intern
942584,49999,Санкт-Петербург,Тестирование,Intern
921044,93966,Краснодар,Разработка,Middle
252143,68506,Петропавловск-Камчатский,Маркетинг,Junior
125806,34781,Уфа,Аналитика,Intern
217038,44617,Санкт-Петербург,Маркетинг,Intern
731072,3428,Великий Новгород,Маркетинг,Intern
743050,125845,Нижний Новгород,Тестирование,Middle
375959,65208,Нижний Новгород,Поддержка,Junior
590418,58684,Уфа,Поддержка,Intern
486586,69515,Владивосток,Разработка,Intern
385644,147956,Волгоград,Маркетинг,Middle
781656,85857,Таганрог,Тестирование,Junior
658303,474147,Самара,Поддержка,Teamlead
935997,497103,Краснодар,Тестирование,Senior
811201,816365,Волгоград,Аналитика,Teamlead
275978,57879,Уфа,Поддержка,Junior
297722,68714,Петропавловск-Камчатский,Тестирование,Junior
956590,567337,Мурманск,Разработка,Senior
552674,419512,Екатеринбург,Аналитика,Senior
676933,95575,Нижний Новгород,Тестирование,Junior
664180,670184,Владивосток,Поддержка,Teamlead
299731,945874,Екатеринбург,Тестирование,Teamlead
679844,93666,Великий Новгород,Тестирование,Junior
818263,202575,Екатеринбург,Тестирование,Teamlead
912823,87646,Краснодар,Разработка,Junior
160553,178160,Краснодар,Поддержка,Middle
724835,176998,Уфа,Поддержка,Middle
486481,21247,Екатеринбург,Тестирование,Intern
410152,229186,Краснодар,Маркетинг,Middle
103991,6068,Уфа,Тестирование,Intern
984232,198995,Уфа,Тестирование,Middle
913789,236122,Таганрог,Маркетинг,Teamlead
401945,98373,Иркутск,Аналитика,Junior
841767,404224,Нижний Новгород,Разработка,Senior
337889,88035,Екатеринбург,Аналитика,Junior
955753,5155,Таганрог,Маркетинг,Intern
673484,621581,Иркутск,Тестирование,Senior
620302,394207,Петропавловск-Камчатский,Разработка,Senior
806656,429234,Петропавловск-Камчатский,Поддержка,Senior
905811,54058,Москва,Поддержка,Junior
221933,248687,Таганрог,Тестирование,Middle
846054,12379,Нижний Новгород,Разработка,Intern
172515,98727,Мурманск,Маркетинг,Middle
378317,54043,Иркутск,Поддержка,Junior
885848,60774,Иркутск,Разработка,Junior
674959,903666,Москва,Маркетинг,Teamlead
363415,31089,Самара,Разработка,Intern
330711,541766,Иркутск,Тестирование,Senior
679823,83357,Москва,Поддержка,Junior
299660,262047,Санкт-Петербург,Поддержка,Middle
653368,57526,Петропавловск-Камчатский,Маркетинг,Junior
484437,320380,Уфа,Тестирование,Senior
296593,102913,Краснодар,Тестирование,Middle
317052,40063,Уфа,Аналитика,Intern
764947,799468,Уфа,Аналитика,Teamlead
296196,2341,Таганрог,Разработка,Intern
964061,249979,Иркутск,Маркетинг,Middle
917344,492276,Петропавловск-Камчатский,Маркетинг,Senior
337351,36450,Санкт-Петербург,Поддержка,Intern
540688,213147,Иркутск,Маркетинг,Middle
841189,27308,Санкт-Петербург,Разработка,Intern
172558,531379,Москва,Поддержка,Senior
358684,365369,Краснодар,Аналитика,Senior
552077,528170,Владивосток,Маркетинг,Senior
442607,836056,Волгоград,Аналитика,Teamlead
843915,858202,Екатеринбург,Разработка,Teamlead
443332,184152,Москва,Маркетинг,Middle
299474,218316,Уфа,Аналитика,Senior
130509,58091,Великий Новгород,Маркетинг,Junior
995417,148672,Великий Новгород,Тестирование,Middle
402215,82781,Уфа,Разработка,Junior
404921,187833,Санкт-Петербург,Маркетинг,Middle
366936,557914,Иркутск,Маркетинг,Senior
800784,3939,Таганрог,Аналитика,Intern
534997,241466,Владивосток,Аналитика,Middle
456220,29116,Волгоград,Тестирование,Intern
817995,80716,Петропавловск-Камчатский,Аналитика,Junior
923924,273519,Мурманск,Аналитика,Middle
731346,279222,Нижний Новгород,Поддержка,Senior
474696,78583,Иркутск,Тестирование,Junior
110226,89032,Москва,Маркетинг,Junior
263887,273641,Петропавловск-Камчатский,Поддержка,Senior
921855,399485,Таганрог,Аналитика,Middle
505221,126784,Уфа,Поддержка,Middle
208264,184663,Волгоград,Тестирование,Middle
919223,429432,Краснодар,Маркетинг,Senior
553787,37008,Самара,Аналитика,Intern
905134,304313,Екатеринбург,Поддержка,Teamlead
757566,491771,Иркутск,Поддержка,Teamlead
509184,57193,Иркутск,Разработка,Junior
540058,2511,Таганрог,Тестирование,Intern
659930,39276,Уфа,Тестирование,Intern
414715,159308,Нижний Новгород,Маркетинг,Middle
101214,111609,Волгоград,Аналитика,Middle
462509,36801,Краснодар,Маркетинг,Intern
504130,896230,Уфа,Тестирование,Teamlead
505998,517779,Иркутск,Поддержка,Senior
152305,265387,Екатеринбург,Разработка,Senior
393999,59900,Краснодар,Тестирование,Intern
757850,8946,Краснодар,Разработка,Intern
270031,289765,Мурманск,Тестирование,Middle
725258,524738,Волгоград,Поддержка,Teamlead
106126,562636,Владивосток,Разработка,Senior
859401,292702,Таганрог,Маркетинг,Senior
254748,344928,Мурманск,Аналитика,Senior
222467,22038,Нижний Новгород,Поддержка,Intern
347604,200411,Волгоград,Маркетинг,Teamlead
693695,30985,Волгоград,Аналитика,Intern
308726,998041,Самара,Тестирование,Teamlead
654299,796951,Таганрог,Поддержка,Senior
421029,1100000,Владивосток,Разработка,Teamlead
744830,481638,Таганрог,Тестирование,Teamlead
168961,394477,Нижний Новгород,Аналитика,Middle
486698,40913,Москва,Разработка,Teamlead
969472,428782,Самара,Тестирование,Senior
845200,5374,Санкт-Петербург,Аналитика,Intern
975003,6708,Великий Новгород,Маркетинг,Intern
248759,4346,Таганрог,Поддержка,Intern
361475,828596,Таганрог,Маркетинг,Teamlead
411767,74824,Иркутск,Аналитика,Junior
289194,67656,Владивосток,Аналитика,Intern
798710,816534,Санкт-Петербург,Аналитика,Teamlead
522402,10003,Иркутск,Аналитика,Intern
962087,249799,Уфа,Поддержка,Middle
597785,57265,Волгоград,Аналитика,Junior
439934,637914,Иркутск,Тестирование,Senior
622364,230044,Мурманск,Тестирование,Middle
381972,582142,Нижний Новгород,Маркетинг,Teamlead
874993,225853,Волгоград,Аналитика,Middle
934014,1066938,Москва,Аналитика,Teamlead
558889,10856,Самара,Аналитика,Intern
644187,20053,Самара,Разработка,Intern
452743,20434,Краснодар,Аналитика,Intern
911308,531408,Екатеринбург,Маркетинг,Teamlead
263837,231811,Самара,Аналитика,Middle
693730,187111,Уфа,Поддержка,Middle
915222,290239,Мурманск,Поддержка,Teamlead
706056,8370,Мурманск,Разработка,Intern
690892,237134,Владивосток,Разработка,Middle
141585,80998,Уфа,Поддержка,Junior
545044,42952,Санкт-Петербург,Разработка,Intern
517929,66101,Екатеринбург,Поддержка,Junior
431629,536203,Москва,Аналитика,Teamlead
815779,122837,Иркутск,Тестирование,Middle
976715,5671,Мурманск,Разработка,Intern
450151,94836,Мурманск,Разработка,Junior
108543,610783,Санкт-Петербург,Маркетинг,Senior
839002,101515,Петропавловск-Камчатский,Аналитика,Middle
412652,438997,Санкт-Петербург,Поддержка,Teamlead
724986,413478,Москва,Аналитика,Senior
731018,50011,Петропавловск-Камчатский,Разработка,Junior
665848,53405,Петропавловск-Камчатский,Аналитика,Junior
410847,53461,Великий Новгород,Поддержка,Junior
426998,36190,Уфа,Тестирование,Intern
483743,9390,Уфа,Аналитика,Intern
891643,36045,Уфа,Маркетинг,Intern
676078,272560,Великий Новгород,Маркетинг,Middle
796685,398494,Великий Новгород,Маркетинг,Middle
507396,472438,Екатеринбург,Разработка,Teamlead
211485,59478,Краснодар,Поддержка,Junior
152235,111111,Москва,Тестирование,Middle
786384,744719,Екатеринбург,Маркетинг,Senior
210346,1081615,Москва,Поддержка,Teamlead
618462,220700,Екатеринбург,Аналитика,Senior
714308,675915,Волгоград,Поддержка,Senior
966550,83329,Уфа,Маркетинг,Junior
135191,497536,Мурманск,Тестирование,Senior
481703,54053,Владивосток,Аналитика,Junior
558427,636735,Иркутск,Маркетинг,Teamlead
771511,483176,Мурманск,Поддержка,Senior
487019,525408,Иркутск,Тестирование,Senior
102912,333333,Санкт-Петербург,Тестирование,Middle
448045,867344,Уфа,Разработка,Teamlead
657915,71932,Уфа,Поддержка,Junior
602529,91156,Петропавловск-Камчатский,Маркетинг,Junior
192621,580278,Петропавловск-Камчатский,Поддержка,Teamlead
971031,23175,Екатеринбург,Разработка,Intern
859900,281690,Екатеринбург,Аналитика,Middle
906006,371712,Таганрог,Аналитика,Middle
291789,170133,Санкт-Петербург,Поддержка,Middle
170115,226157,Мурманск,Тестирование,Middle
828170,22275,Екатеринбург,Разработка,Intern
968821,235860,Волгоград,Разработка,Teamlead
790042,165685,Санкт-Петербург,Разработка,Teamlead
582073,149477,Нижний Новгород,Разработка,Middle
560284,427131,Таганрог,Тестирование,Senior
861156,134236,Петропавловск-Камчатский,Поддержка,Middle
901835,54630,Великий Новгород,Тестирование,Junior
480210,477631,Самара,Поддержка,Senior
328967,547135,Петропавловск-Камчатский,Тестирование,Senior
177197,299228,Самара,Аналитика,Senior
897864,805693,Таганрог,Тестирование,Teamlead
320968,25063,Краснодар,Поддержка,Intern
395221,804724,Волгоград,Тестирование,Teamlead
609160,547226,Великий Новгород,Поддержка,Senior
691374,20030,Иркутск,Тестирование,Intern
892015,849033,Москва,Разработка,Teamlead
667280,355229,Волгоград,Аналитика,Senior
854402,723597,Нижний Новгород,Поддержка,Teamlead
475734,591761,Краснодар,Поддержка,Middle
773707,51683,Нижний Новгород,Тестирование,Junior
172185,42963,Екатеринбург,Поддержка,Intern
378044,201788,Краснодар,Маркетинг,Middle
819011,3131,Великий Новгород,Тестирование,Intern
591887,44421,Волгоград,Маркетинг,Intern
882890,245327,Мурманск,Маркетинг,Teamlead
397673,816900,Великий Новгород,Аналитика,Teamlead
235416,433132,Самара,Аналитика,Senior
849099,918612,Владивосток,Аналитика,Teamlead
576085,22609,Иркутск,Разработка,Intern
846209,654757,Екатеринбург,Аналитика,Senior
953487,9440,Екатеринбург,Аналитика,Intern
195594,59947,Нижний Новгород,Маркетинг,Junior
335650,421321,Москва,Тестирование,Middle
441008,237104,Петропавловск-Камчатский,Разработка,Middle
940224,2656,Таганрог,Поддержка,Intern
978945,32055,Краснодар,Маркетинг,Intern
371758,96951,Екатеринбург,Поддержка,Junior
923912,317022,Волгоград,Тестирование,Senior
198845,261072,Петропавловск-Камчатский,Разработка,Teamlead
491670,68686,Москва,Тестирование,Junior
188269,121953,Таганрог,Маркетинг,Middle
396649,4168,Великий Новгород,Тестирование,Intern
159601,661244,Екатеринбург,Разработка,Senior
385733,151017,Таганрог,Маркетинг,Middle
643913,852640,Иркутск,Тестирование,Teamlead
930696,587432,Волгоград,Поддержка,Teamlead
731435,743620,Мурманск,Тестирование,Teamlead
544621,245698,Екатеринбург,Аналитика,Middle
388428,7846,Мурманск,Маркетинг,Intern
922345,649714,Мурманск,Аналитика,Senior
892981,67453,Москва,Маркетинг,Intern
727823,608531,Уфа,Аналитика,Senior
404063,493627,Уфа,Аналитика,Senior
635643,853200,Иркутск,Тестирование,Teamlead
618643,72083,Екатеринбург,Аналитика,Junior
117818,202774,Иркутск,Маркетинг,Middle
568554,51227,Петропавловск-Камчатский,Аналитика,Junior
607394,47378,Санкт-Петербург,Разработка,Intern
939403,942584,Нижний Новгород,Разработка,Teamlead
670897,379322,Великий Новгород,Поддержка,Senior
559145,921044,Волгоград,Тестирование,Teamlead
519354,19359,Самара,Маркетинг,Intern
511695,182155,Москва,Аналитика,Middle
492429,14720,Петропавловск-Камчатский,Аналитика,Intern
484686,94731,Краснодар,Маркетинг,Junior
942560,39907,Нижний Новгород,Маркетинг,Intern
162487,175227,Владивосток,Поддержка,Middle
160101,89007,Таганрог,Тестирование,Junior
545845,252143,Самара,Поддержка,Teamlead
695823,168209,Краснодар,Разработка,Middle
760204,229400,Краснодар,Тестирование,Senior
646062,63736,Нижний Новгород,Тестирование,Junior
800248,125806,Мурманск,Разработка,Teamlead
365116,37756,Уфа,Поддержка,Intern
440666,56544,Краснодар,Поддержка,Junior
636214,217038,Волгоград,Разработка,Teamlead
394329,62296,Нижний Новгород,Разработка,Junior
907456,731072,Нижний Новгород,Маркетинг,Teamlead
612712,87433,Великий Новгород,Маркетинг,Junior
932888,743050,Петропавловск-Камчатский,Поддержка,Teamlead
709706,75207,Таганрог,Разработка,Junior
597594,776839,Петропавловск-Камчатский,Тестирование,Senior
836023,328277,Волгоград,Разработка,Senior
107866,375959,Мурманск,Разработка,Teamlead
765232,84174,Петропавловск-Камчатский,Поддержка,Junior
193387,35886,Екатеринбург,Поддержка,Intern
789968,81544,Иркутск,Аналитика,Junior
889522,22401,Самара,Маркетинг,Intern
771963,242924,Иркутск,Аналитика,Middle
582526,88712,Таганрог,Тестирование,Junior
506586,52225,Владивосток,Разработка,Junior
743029,590418,Уфа,Разработка,Teamlead
693162,72712,Владивосток,Разработка,Junior
750169,99969,Таганрог,Аналитика,Junior
857049,486586,Краснодар,Разработка,Teamlead
453944,385644,Уфа,Разработка,Teamlead
605936,513615,Москва,Разработка,Senior
869217,781656,Самара,Тестирование,Teamlead
184485,658303,Иркутск,Поддержка,Teamlead
938820,581759,Мурманск,Аналитика,Senior
873857,935997,Иркутск,Разработка,Teamlead
648637,95617,Иркутск,Разработка,Junior
626949,811201,Санкт-Петербург,Аналитика,Teamlead
596683,94277,Москва,Разработка,Junior
187404,273745,Мурманск,Маркетинг,Middle
764441,398016,Мурманск,Тестирование,Senior
342625,97128,Самара,Поддержка,Junior
152892,8688,Мурманск,Разработка,Intern
406372,67307,Мурманск,Тестирование,Junior
330345,94592,Санкт-Петербург,Разработка,Junior
355026,421974,Владивосток,Аналитика,Senior
302872,93977,Таганрог,Аналитика,Middle
633576,76318,Волгоград,Аналитика,Junior
773721,567461,Мурманск,Маркетинг,Senior
596168,515167,Уфа,Маркетинг,Senior
688085,275978,Великий Новгород,Поддержка,Teamlead
351945,297722,Великий Новгород,Разработка,Teamlead
603845,392205,Санкт-Петербург,Аналитика,Senior
632455,956590,Петропавловск-Камчатский,Разработка,Teamlead
283510,279059,Краснодар,Маркетинг,Senior
954535,63150,Нижний Новгород,Тестирование,Junior
971569,386385,Иркутск,Тестирование,Senior
502422,6747,Таганрог,Тестирование,Intern
570674,2973,Таганрог,Аналитика,Intern
712627,63791,Краснодар,Разработка,Junior
641612,13191,Екатеринбург,Поддержка,Intern
183734,552674,Владивосток,Маркетинг,Teamlead
615311,291862,Волгоград,Аналитика,Senior
779612,211915,Екатеринбург,Аналитика,Middle
365595,83233,Екатеринбург,Тестирование,Junior
933261,439279,Волгоград,Тестирование,Senior
723181,209269,Великий Новгород,Разработка,Middle
884444,676933,Екатеринбург,Поддержка,Teamlead
462584,71039,Уфа,Тестирование,Junior
371951,401488,Самара,Тестирование,Senior
461083,616649,Петропавловск-Камчатский,Тестирование,Senior
567808,247522,Уфа,Поддержка,Middle
118428,668177,Екатеринбург,Аналитика,Senior
333595,94109,Москва,Аналитика,Junior
215878,673584,Самара,Аналитика,Senior
285848,11081,Москва,Маркетинг,Intern
614687,21496,Петропавловск-Камчатский,Аналитика,Intern
330626,664180,Нижний Новгород,Разработка,Teamlead
920445,156902,Мурманск,Маркетинг,Middle
166739,191663,Нижний Новгород,Аналитика,Middle
422608,224888,Самара,Тестирование,Middle
648206,299731,Иркутск,Разработка,Teamlead
926517,271637,Санкт-Петербург,Разработка,Middle
193227,137274,Екатеринбург,Тестирование,Middle
637352,79197,Иркутск,Тестирование,Junior
105643,679844,Краснодар,Разработка,Teamlead
367576,13867,Владивосток,Аналитика,Intern
803702,280881,Самара,Поддержка,Middle
489516,68106,Екатеринбург,Аналитика,Intern
689624,225177,Нижний Новгород,Тестирование,Middle
230427,514198,Петропавловск-Камчатский,Поддержка,Senior
707614,180835,Москва,Аналитика,Middle
570349,233561,Мурманск,Маркетинг,Middle
180783,66492,Великий Новгород,Поддержка,Junior
819925,94040,Иркутск,Тестирование,Middle
935807,180778,Таганрог,Тестирование,Middle
728813,818263,Мурманск,Маркетинг,Teamlead
843665,912823,Иркутск,Тестирование,Teamlead
393406,199736,Петропавловск-Камчатский,Аналитика,Middle
366857,160553,Самара,Поддержка,Teamlead
773011,6869,Мурманск,Поддержка,Intern
741021,27638,Краснодар,Маркетинг,Intern
145831,262125,Владивосток,Разработка,Senior
194773,724835,Самара,Поддержка,Teamlead
535391,486481,Волгоград,Тестирование,Teamlead
831654,23218,Краснодар,Разработка,Intern
265221,3586,Таганрог,Тестирование,Intern
893390,386852,Волгоград,Маркетинг,Senior
925688,410152,Екатеринбург,Тестирование,Teamlead
237984,510727,Таганрог,Маркетинг,Senior
201473,144945,Великий Новгород,Аналитика,Middle
766962,563398,Владивосток,Маркетинг,Senior
920562,684308,Санкт-Петербург,Аналитика,Senior
754168,903991,Москва,Маркетинг,Teamlead
978718,984232,Санкт-Петербург,Разработка,Teamlead
570744,6886,Уфа,Аналитика,Intern
910069,66395,Волгоград,Маркетинг,Junior
503301,108331,Краснодар,Аналитика,Junior
302596,255900,Уфа,Разработка,Middle
270902,146951,Таганрог,Поддержка,Middle
127548,75850,Волгоград,Аналитика,Junior
648331,913789,Санкт-Петербург,Поддержка,Teamlead
513602,534845,Уфа,Разработка,Senior
193761,362933,Краснодар,Тестирование,Senior
253356,437871,Мурманск,Тестирование,Senior
444871,563369,Петропавловск-Камчатский,Аналитика,Senior
411612,6021,Великий Новгород,Аналитика,Intern
337132,696616,Таганрог,Поддержка,Senior
495013,88027,Краснодар,Разработка,Intern
714058,67971,Самара,Аналитика,Junior
167891,401945,Самара,Тестирование,Teamlead
927330,201203,Волгоград,Аналитика,Middle
257809,117544,Мурманск,Тестирование,Middle
706191,21626,Петропавловск-Камчатский,Маркетинг,Intern
445232,245414,Таганрог,Поддержка,Middle
608241,75863,Таганрог,Аналитика,Junior
997066,255555,Санкт-Петербург,Тестирование,Middle
829890,841767,Великий Новгород,Поддержка,Teamlead
691761,31913,Владивосток,Тестирование,Intern
374757,67528,Иркутск,Поддержка,Junior
773824,96167,Санкт-Петербург,Разработка,Middle
891624,42282,Владивосток,Поддержка,Intern
704483,12361,Иркутск,Маркетинг,Intern
743973,73678,Санкт-Петербург,Маркетинг,Junior
280062,300337,Великий Новгород,Аналитика,Senior
986415,40184,Санкт-Петербург,Разработка,Intern
469518,93452,Таганрог,Маркетинг,Junior
465266,42563,Краснодар,Аналитика,Intern
696338,481686,Нижний Новгород,Поддержка,Senior
442174,121332,Таганрог,Тестирование,Middle
475968,75843,Нижний Новгород,Поддержка,Junior
579278,337889,Нижний Новгород,Аналитика,Teamlead
441036,28293,Екатеринбург,Аналитика,Intern
583552,122716,Владивосток,Тестирование,Middle
260364,589739,Таганрог,Разработка,Senior
146350,289151,Петропавловск-Камчатский,Аналитика,Middle
109444,291041,Краснодар,Тестирование,Middle
425515,8556,Волгоград,Аналитика,Intern
923649,100909,Великий Новгород,Разработка,Middle
309680,955753,Таганрог,Маркетинг,Teamlead
604768,9787,Москва,Маркетинг,Intern
523334,673484,Великий Новгород,Маркетинг,Teamlead
200582,469316,Санкт-Петербург,Аналитика,Senior
742128,28325,Самара,Поддержка,Intern
637115,81171,Краснодар,Тестирование,Junior
284643,86775,Нижний Новгород,Поддержка,Intern
360201,153040,Иркутск,Аналитика,Middle
297825,305944,Самара,Маркетинг,Senior
669113,620302,Самара,Аналитика,Teamlead
887008,64646,Санкт-Петербург,Тестирование,Junior
514865,30908,Москва,Разработка,Intern
313891,806656,Уфа,Аналитика,Teamlead
796178,533321,Москва,Аналитика,Senior
184216,8074,Мурманск,Разработка,Intern
475747,905811,Петропавловск-Камчатский,Маркетинг,Teamlead
144153,278217,Великий Новгород,Тестирование,Senior
809188,239859,Петропавловск-Камчатский,Поддержка,Senior
935646,465038,Москва,Поддержка,Senior
508081,232619,Великий Новгород,Поддержка,Senior
901119,545099,Великий Новгород,Разработка,Senior
233926,51139,Волгоград,Аналитика,Junior
455397,221933,Мурманск,Маркетинг,Teamlead
749344,287977,Самара,Разработка,Middle
197416,248506,Иркутск,Разработка,Middle
902538,243778,Великий Новгород,Тестирование,Senior
968512,85672,Волгоград,Поддержка,Junior
287050,61448,Волгоград,Поддержка,Junior
576679,35054,Уфа,Аналитика,Intern
139680,128430,Москва,Разработка,Middle
470447,6583,Таганрог,Тестирование,Intern
137054,37328,Екатеринбург,Разработка,Intern
737765,380530,Владивосток,Разработка,Senior
659488,69152,Уфа,Разработка,Junior
280124,15039,Санкт-Петербург,Поддержка,Intern
739255,202760,Волгоград,Аналитика,Senior
481009,624122,Мурманск,Тестирование,Senior
216918,536848,Таганрог,Разработка,Senior
817857,7182,Краснодар,Разработка,Intern
738571,4900,Великий Новгород,Поддержка,Intern
394321,21391,Волгоград,Поддержка,Intern
733641,846054,Краснодар,Тестирование,Teamlead
397037,91773,Великий Новгород,Разработка,Junior
471856,53551,Владивосток,Разработка,Junior
568105,401912,Москва,Поддержка,Senior
884152,416415,Петропавловск-Камчатский,Аналитика,Senior
889264,73481,Великий Новгород,Поддержка,Junior
509480,172515,Самара,Аналитика,Teamlead
716778,100832,Нижний Новгород,Поддержка,Middle
416271,782814,Москва,Разработка,Senior
407135,560504,Самара,Аналитика,Senior
293708,578317,Владивосток,Маркетинг,Teamlead
158178,15078,Волгоград,Разработка,Intern
700584,31449,Самара,Аналитика,Intern
132212,439431,Екатеринбург,Аналитика,Senior
949117,524944,Краснодар,Поддержка,Senior
583033,76666,Санкт-Петербург,Тестирование,Junior
875761,96762,Мурманск,Маркетинг,Junior
330830,93264,Уфа,Аналитика,Junior
902082,885848,Нижний Новгород,Поддержка,Teamlead
676583,674959,Москва,Аналитика,Teamlead
324597,39393,Москва,Тестирование,Intern
345187,363415,Санкт-Петербург,Аналитика,Teamlead
632045,226227,Нижний Новгород,Поддержка,Middle
897893,30303,Москва,Тестирование,Intern
980265,330711,Нижний Новгород,Тестирование,Teamlead
765870,79446,Владивосток,Маркетинг,Junior
152177,50725,Таганрог,Разработка,Junior
511925,67774,Владивосток,Разработка,Junior
535114,285552,Москва,Разработка,Middle
594825,19127,Уфа,Тестирование,Intern
560858,280866,Краснодар,Разработка,Senior
593549,679823,Волгоград,Маркетинг,Teamlead
167352,96774,Самара,Аналитика,Junior
149907,44617,Нижний Новгород,Маркетинг,Intern
205722,57167,Иркутск,Тестирование,Junior
214640,299660,Нижний Новгород,Поддержка,Teamlead
623302,653368,Санкт-Петербург,Поддержка,Teamlead
564756,21342,Москва,Аналитика,Senior
288955,50183,Таганрог,Поддержка,Junior
205209,93728,Краснодар,Маркетинг,Junior
564850,42433,Волгоград,Поддержка,Intern
780562,288765,Самара,Разработка,Middle
868091,272626,Санкт-Петербург,Разработка,Senior
110595,170464,Великий Новгород,Поддержка,Middle
211684,484437,Мурманск,Поддержка,Teamlead
704298,93224,Волгоград,Маркетинг,Junior
253453,288908,Уфа,Тестирование,Senior
871043,118950,Таганрог,Тестирование,Middle
738518,55193,Великий Новгород,Маркетинг,Junior
590939,296593,Мурманск,Тестирование,Teamlead
171011,78362,Самара,Маркетинг,Junior
158417,263976,Мурманск,Маркетинг,Middle
253162,119576,Волгоград,Поддержка,Middle
113590,182846,Владивосток,Тестирование,Middle
717505,4031,Таганрог,Аналитика,Intern
819380,61833,Краснодар,Поддержка,Junior
558070,317052,Петропавловск-Камчатский,Тестирование,Teamlead
820519,302561,Владивосток,Поддержка,Senior
887008,61616,Санкт-Петербург,Тестирование,Junior
326951,28973,Москва,Поддержка,Intern
309312,666373,Санкт-Петербург,Тестирование,Senior
648836,61584,Великий Новгород,Маркетинг,Junior
824897,50130,Екатеринбург,Разработка,Junior
448056,99881,Петропавловск-Камчатский,Маркетинг,Middle
777744,52194,Мурманск,Аналитика,Junior
887932,964947,Москва,Разработка,Teamlead
201555,996196,Владивосток,Аналитика,Teamlead
675250,964061,Екатеринбург,Разработка,Teamlead
141892,201868,Петропавловск-Камчатский,Аналитика,Senior
186828,917344,Таганрог,Разработка,Teamlead
128171,591865,Волгоград,Маркетинг,Middle
382249,503828,Краснодар,Аналитика,Senior
316202,186260,Уфа,Тестирование,Middle
753796,337351,Уфа,Тестирование,Teamlead
686470,525599,Санкт-Петербург,Аналитика,Senior
551744,56852,Волгоград,Разработка,Junior
630927,86474,Мурманск,Тестирование,Junior
507768,10745,Мурманск,Поддержка,Intern
578544,636063,Москва,Аналитика,Senior
633875,541769,Самара,Тестирование,Senior
149019,16419,Волгоград,Тестирование,Intern
756319,98197,Мурманск,Разработка,Junior
764013,84530,Волгоград,Тестирование,Junior
895894,39714,Самара,Маркетинг,Intern
395936,183433,Нижний Новгород,Маркетинг,Middle
194391,107091,Великий Новгород,Тестирование,Junior
689854,621041,Великий Новгород,Тестирование,Senior
601445,96281,Петропавловск-Камчатский,Аналитика,Junior
810831,59921,Владивосток,Разработка,Junior
863919,73800,Владивосток,Аналитика,Junior
504318,5392,Волгоград,Разработка,Intern
275687,58106,Таганрог,Разработка,Junior
515461,540688,Самара,Разработка,Teamlead
186710,7768,Таганрог,Аналитика,Intern
355313,480627,Екатеринбург,Поддержка,Senior
851274,214268,Екатеринбург,Тестирование,Middle
710854,104275,Мурманск,Тестирование,Middle
761635,563314,Мурманск,Поддержка,Senior
750130,841189,Нижний Новгород,Поддержка,Teamlead
608122,55569,Волгоград,Тестирование,Junior
562818,602279,Уфа,Аналитика,Senior
800787,21920,Самара,Тестирование,Intern
158674,225023,Таганрог,Разработка,Middle
556469,164573,Екатеринбург,Разработка,Middle
339742,504315,Петропавловск-Камчатский,Маркетинг,Senior
429351,87369,Москва,Поддержка,Junior
386323,634897,Таганрог,Поддержка,Senior
478870,83926,Санкт-Петербург,Маркетинг,Junior
418906,581383,Великий Новгород,Маркетинг,Senior
977260,78291,Иркутск,Разработка,Junior
106022,401578,Великий Новгород,Аналитика,Senior
899855,6050,Великий Новгород,Поддержка,Intern
126372,149120,Петропавловск-Камчатский,Поддержка,Middle
336919,605143,Уфа,Тестирование,Senior
744514,251669,Волгоград,Разработка,Middle
822189,172558,Нижний Новгород,Маркетинг,Teamlead
440100,24485,Самара,Поддержка,Intern
918347,39755,Волгоград,Маркетинг,Intern
358013,279510,Петропавловск-Камчатский,Разработка,Middle
698334,358684,Санкт-Петербург,Аналитика,Teamlead
519392,500835,Иркутск,Маркетинг,Senior
998576,85336,Петропавловск-Камчатский,Маркетинг,Junior
610079,442089,Волгоград,Разработка,Senior
995382,81988,Иркутск,Тестирование,Junior
207771,382768,Мурманск,Маркетинг,Senior
839636,91569,Краснодар,Поддержка,Junior
173596,384021,Петропавловск-Камчатский,Тестирование,Senior
768798,26273,Екатеринбург,Тестирование,Intern
906373,33675,Владивосток,Поддержка,Intern
867133,6990,Мурманск,Поддержка,Intern
874854,325935,Владивосток,Аналитика,Senior
653733,28245,Москва,Поддержка,Intern
309521,273555,Самара,Поддержка,Middle
775543,99725,Екатеринбург,Разработка,Junior
222923,86224,Владивосток,Поддержка,Junior
631630,4002,Великий Новгород,Разработка,Intern
192349,30702,Краснодар,Тестирование,Intern
614784,552077,Уфа,Тестирование,Teamlead
334585,442607,Мурманск,Аналитика,Teamlead
897684,295200,Мурманск,Разработка,Middle
256630,11690,Уфа,Маркетинг,Intern
652768,79432,Уфа,Тестирование,Junior
759677,644132,Иркутск,Маркетинг,Senior
684082,103080,Таганрог,Аналитика,Middle
283910,843915,Великий Новгород,Аналитика,Teamlead
674919,261624,Самара,Аналитика,Middle
747120,145725,Таганрог,Тестирование,Middle
159787,145431,Уфа,Аналитика,Middle
429572,88936,Таганрог,Разработка,Junior
708701,95706,Краснодар,Маркетинг,Junior
761773,444444,Москва,Тестирование,Senior
170627,251142,Уфа,Тестирование,Middle
355899,10029,Уфа,Разработка,Intern
274877,74600,Таганрог,Разработка,Junior
273141,77716,Москва,Поддержка,Junior
175461,159456,Санкт-Петербург,Аналитика,Middle
473423,545770,Иркутск,Маркетинг,Senior
980396,170143,Петропавловск-Камчатский,Разработка,Middle
867108,162292,Санкт-Петербург,Аналитика,Middle
890442,276092,Петропавловск-Камчатский,Аналитика,Middle
865975,54730,Владивосток,Разработка,Junior
483139,105809,Самара,Маркетинг,Middle
541198,443332,Нижний Новгород,Маркетинг,Teamlead
260943,521111,Великий Новгород,Тестирование,Senior
663608,105537,Санкт-Петербург,Разработка,Middle
987670,34010,Самара,Маркетинг,Intern
669333,627314,Великий Новгород,Поддержка,Senior
414130,266354,Екатеринбург,Аналитика,Middle
269011,299474,Екатеринбург,Тестирование,Teamlead
305021,378431,Екатеринбург,Аналитика,Senior
836096,61164,Иркутск,Аналитика,Junior
503220,84706,Таганрог,Поддержка,Junior
755826,150986,Москва,Маркетинг,Middle
426088,369140,Самара,Тестирование,Senior
315718,93531,Краснодар,Аналитика,Middle
844130,304068,Мурманск,Поддержка,Senior
392095,56717,Уфа,Аналитика,Junior
707309,130509,Краснодар,Разработка,Teamlead
692262,97604,Владивосток,Тестирование,Middle
408700,108059,Владивосток,Тестирование,Middle
223232,5828,Иркутск,Аналитика,Intern
840935,1095417,Уфа,Тестирование,Teamlead
193726,8614,Владивосток,Тестирование,Intern
206596,530749,Самара,Аналитика,Senior
446207,94831,Великий Новгород,Поддержка,Middle
123169,644039,Москва,Поддержка,Senior
547854,402215,Самара,Тестирование,Teamlead
754697,404921,Краснодар,Маркетинг,Teamlead
875359,54216,Владивосток,Аналитика,Junior
465680,31748,Москва,Поддержка,Intern
241952,6011,Великий Новгород,Аналитика,Intern
617225,111800,Владивосток,Разработка,Middle
831000,76996,Екатеринбург,Тестирование,Junior
580356,264492,Иркутск,Разработка,Middle
911381,10981,Екатеринбург,Аналитика,Intern
737456,366936,Мурманск,Разработка,Teamlead
565438,43039,Екатеринбург,Маркетинг,Intern
354700,5041,Волгоград,Тестирование,Intern
529991,389383,Санкт-Петербург,Маркетинг,Senior
723510,800784,Иркутск,Аналитика,Teamlead
594143,14134,Владивосток,Разработка,Intern
139566,272983,Санкт-Петербург,Маркетинг,Senior
509942,9339,Мурманск,Разработка,Intern
148565,477022,Таганрог,Поддержка,Senior
729532,283729,Уфа,Аналитика,Middle
648484,534997,Самара,Поддержка,Teamlead
502440,30304,Санкт-Петербург,Аналитика,Intern
951572,81427,Нижний Новгород,Тестирование,Junior
599390,390176,Таганрог,Аналитика,Senior
715392,93382,Краснодар,Тестирование,Junior
879087,456220,Самара,Маркетинг,Teamlead
400394,817995,Уфа,Аналитика,Teamlead
541314,164613,Иркутск,Тестирование,Middle
504240,69492,Санкт-Петербург,Маркетинг,Junior
486295,266049,Самара,Поддержка,Middle
861247,61734,Нижний Новгород,Поддержка,Junior
354115,923924,Таганрог,Разработка,Teamlead
942681,328896,Самара,Аналитика,Senior
455705,50462,Петропавловск-Камчатский,Разработка,Junior
317884,209922,Самара,Тестирование,Middle
297846,96919,Нижний Новгород,Разработка,Junior
320942,5347,Таганрог,Тестирование,Intern
155177,241067,Волгоград,Маркетинг,Middle
639605,58223,Волгоград,Разработка,Junior
910569,68047,Владивосток,Маркетинг,Intern
863019,731346,Санкт-Петербург,Разработка,Teamlead
844175,793180,Москва,Маркетинг,Senior
142160,60577,Таганрог,Аналитика,Junior
501312,81916,Краснодар,Маркетинг,Junior
289200,94310,Краснодар,Аналитика,Junior
578289,104569,Нижний Новгород,Маркетинг,Middle
805870,474696,Волгоград,Маркетинг,Teamlead
888221,77932,Уфа,Разработка,Junior
155375,444988,Великий Новгород,Аналитика,Senior
792990,17112,Иркутск,Разработка,Intern
404677,165074,Москва,Аналитика,Middle
628116,110226,Краснодар,Аналитика,Teamlead
393710,60771,Мурманск,Аналитика,Junior
527918,76724,Самара,Разработка,Junior
894800,249431,Самара,Маркетинг,Middle
451517,423465,Самара,Маркетинг,Senior
135363,185643,Уфа,Маркетинг,Middle
287612,230654,Санкт-Петербург,Аналитика,Senior
202582,593261,Мурманск,Поддержка,Senior
922086,111169,Екатеринбург,Аналитика,Middle
775267,263887,Краснодар,Тестирование,Teamlead
386210,53668,Волгоград,Аналитика,Junior
818286,921855,Екатеринбург,Поддержка,Teamlead
464835,296711,Волгоград,Тестирование,Senior
355385,20578,Петропавловск-Камчатский,Тестирование,Intern
193228,226811,Мурманск,Поддержка,Middle
487640,36538,Петропавловск-Камчатский,Поддержка,Intern
949293,10841,Владивосток,Тестирование,Intern
422549,637630,Таганрог,Поддержка,Senior
480435,625278,Иркутск,Разработка,Senior
549045,451773,Таганрог,Поддержка,Senior
673084,146858,Великий Новгород,Аналитика,Middle
449104,128683,Иркутск,Аналитика,Middle
810199,75737,Иркутск,Маркетинг,Junior
901722,505221,Мурманск,Маркетинг,Teamlead
697500,208264,Уфа,Маркетинг,Teamlead
422811,281106,Самара,Поддержка,Senior
216755,314497,Екатеринбург,Аналитика,Senior